ProteinID,ProteinName,Organism,Sequence
PROT001,Chymotrypsin,Human,TPEKPIQTLN
PROT002,Ligase,Zebrafish,WSYFQCSRKA
PROT003,Immunoglobulin,Mouse,RYNHLWCHRE
PROT004,Pepsin,Human,FPRRHNQRFQ
PROT005,Tubulin,Human,CTHKVANYMV
PROT006,Mutase,Yeast,MGPEQMGTQG
PROT007,Collagen,Zebrafish,STIGCYKVFR
PROT008,Rhodopsin,Human,PGFYTEHAMQ
PROT009,Collagen,Fruit Fly,AMDWSEGPHC
PROT010,Synthase,Fruit Fly,EQGFSQAKMR
PROT011,Urease,Mouse,KRAGIWRGCE
PROT012,Hydrolase,Yeast,GQALIFPGKG
PROT013,Glucosidase,Mouse,MRCIIQKNAR
PROT014,Ovalbumin,Human,QMCSSHLMFN
PROT015,Lipase,Fruit Fly,WSSENVARFI
PROT016,Kinase,Yeast,ISDEAKQHHP
PROT017,Kinase,Human,CHSLWDELLN
PROT018,Urease,Zebrafish,DFGGRFNKFI
PROT019,Glucosidase,Mouse,PMEYSNGNIK
PROT020,Deaminase,Mouse,NNSSNNYEYE
PROT021,Rhodopsin,Mouse,YHYSFIRYFE
PROT022,Amylase,Fruit Fly,SEFVVSRTFI
PROT023,Ferritin,Mouse,SAEYRMHNIA
PROT024,Deaminase,Zebrafish,LYKVNGVKSA
PROT025,Lyase,Human,YQKMERFEWD
PROT026,Lipase,Fruit Fly,NENPAMLKLQ
PROT027,Enolase,Zebrafish,SQITDENNGL
PROT028,Trypsin,Fruit Fly,EVCDTNNTAA
PROT029,Myosin,Yeast,FIMKLRCHFL
PROT030,Polymerase,Human,ICVWEYCFMD
PROT031,Thioredoxin,Mouse,YGVNWGADKK
PROT032,Oxidase,Mouse,YWVIQLYNLY
PROT033,Dehydrogenase,Zebrafish,LTKNSRSRSE
PROT034,Trypsin,Zebrafish,WTEPPCFSGA
PROT035,Peroxidase,Yeast,GQFCTELGST
PROT036,Synthase,Fruit Fly,HFANFEYISD
PROT037,Lyase,Mouse,NQFYHNTIMI
PROT038,Cytochrome,Zebrafish,EIITWDSNGP
PROT039,Isomerase,Human,QEKRHKIYWS
PROT040,Lipase,Zebrafish,HEICPHEAMH
PROT041,Hemoglobin,Zebrafish,WDERVAWHMR
PROT042,Enolase,Zebrafish,QDGPPYGMSF
PROT043,Pepsin,Mouse,VSYIEENMNP
PROT044,Lyase,Human,HIYVWHELVI
PROT045,Transferrin,Zebrafish,YKYGYGYQDS
PROT046,Tubulin,Human,AIFRNTGMLE
PROT047,Collagen,Yeast,NCAPWPTWPH
PROT048,Nuclease,Mouse,IEVWYIMIET
PROT049,Immunoglobulin,Yeast,SECGPDTCCG
PROT050,Pepsin,Mouse,VNLPDMFQHH
